,RMSE,MAE,R²
EEM,0.02651,0.0209,-2.50468
