,RMSE,MAE,R²
EEM,0.013,0.00963,-0.12596
Gold,0.01167,0.00896,-0.53036
FTSE100,0.00863,0.00626,-0.0563
S&P500,0.0139,0.00924,-0.52942
Nikkei225,0.01463,0.01028,-0.12809
UST10Y,0.02215,0.01676,-0.03293
